,COUNTRY,ISO3,WHO_REGION,DATE_UPDATED,TOTAL_VACCINATIONS,PERSONS_VACCINATED_1PLUS_DOSE,TOTAL_VACCINATIONS_PER100,PERSONS_VACCINATED_1PLUS_DOSE_PER100,PERSONS_FULLY_VACCINATED,PERSONS_FULLY_VACCINATED_PER100,VACCINES_USED,NUMBER_VACCINES_TYPES_USED
0,Afghanistan,AFG,EMRO,01/06/2022,6171652,5456919.0,15.854,14.018,4807917.0,12.351,"AstraZeneca - Vaxzevria,Beijing CNBG - BBIBP-CorV,Bharat - Covaxin,CanSino - Convidecia,Gamaleya - Gam-Covid-Vac,Gamaleya - Sputnik-Light,Janssen - Ad26.COV 2-S,Moderna - Spikevax,Pfizer BioNTech - Comirnaty,SII - Covishield,Sinovac - CoronaVac",11.0
1,Albania,ALB,EURO,29/05/2022,2873654,1320244.0,99.9,46.39,1241712.0,43.631,"AstraZeneca - Vaxzevria,Gamaleya - Gam-Covid-Vac,Pfizer BioNTech - Comirnaty,SII - Covishield,Sinovac - CoronaVac",5.0
2,Algeria,DZA,AFRO,05/06/2022,15205854,7840131.0,34.676,17.879,6481186.0,14.78,"Beijing CNBG - BBIBP-CorV,Gamaleya - Gam-Covid-Vac,SII - Covishield,Sinovac - CoronaVac",4.0
3,American Samoa,ASM,WPRO,05/06/2022,108220,44456.0,196.061,80.541,40945.0,74.18,"Janssen - Ad26.COV 2-S,Moderna - Spikevax,Pfizer BioNTech - Comirnaty",3.0
4,Andorra,AND,EURO,29/05/2022,153072,57880.0,198.1,75.981,53450.0,70.166,"AstraZeneca - Vaxzevria,Moderna - Spikevax,Pfizer BioNTech - Comirnaty",3.0
5,Angola,AGO,AFRO,05/06/2022,19486927,12700926.0,59.292,38.644,6811268.0,20.724,SII - Covishield,1.0
6,Anguilla,AIA,AMRO,03/06/2022,23601,10746.0,157.319,71.63,10054.0,67.018,"AstraZeneca - Vaxzevria,Pfizer BioNTech - Comirnaty",2.0
7,Antigua and Barbuda,ATG,AMRO,03/06/2022,135715,63995.0,138.585,65.348,61882.0,63.191,"AstraZeneca - Vaxzevria,Beijing CNBG - BBIBP-CorV,Gamaleya - Gam-Covid-Vac,Janssen - Ad26.COV 2-S,Pfizer BioNTech - Comirnaty,SII - Covishield",6.0
8,Argentina,ARG,AMRO,03/06/2022,102986910,41110433.0,227.868,90.961,37483237.0,82.935,"AstraZeneca - Vaxzevria,Beijing CNBG - BBIBP-CorV,CanSino - Convidecia,Gamaleya - Gam-Covid-Vac,Moderna - Spikevax,Pfizer BioNTech - Comirnaty,SII - Covishield",7.0
9,Armenia,ARM,EURO,22/05/2022,2150112,1129669.0,72.6,38.123,985807.0,33.268,"AstraZeneca - Vaxzevria,Beijing CNBG - BBIBP-CorV,Gamaleya - Gam-Covid-Vac,Gamaleya - Sputnik-Light,Moderna - Spikevax,Pfizer BioNTech - Comirnaty,Sinovac - CoronaVac,Wuhan CNBG - Inactivated",8.0
10,Aruba,ABW,AMRO,03/06/2022,171243,88853.0,160.391,83.222,82390.0,77.169,"Janssen - Ad26.COV 2-S,Pfizer BioNTech - Comirnaty",2.0
11,Australia,AUS,WPRO,05/06/2022,59172637,22318568.0,232.051,87.524,21612293.0,84.754,"AstraZeneca - Vaxzevria,Janssen - Ad26.COV 2-S,Moderna - Spikevax,Novavax-NUVAXOVID,Pfizer BioNTech - Comirnaty",5.0
12,Austria,AUT,EURO,29/05/2022,18360721,6828403.0,206.3,76.714,6618435.0,74.356,"AstraZeneca - Vaxzevria,Janssen - Ad26.COV 2-S,Moderna - Spikevax,Novavax-NUVAXOVID,Pfizer BioNTech - Comirnaty,Unknown Vaccine",6.0
13,Azerbaijan,AZE,EURO,29/05/2022,13594097,5372656.0,134.1,52.989,4853656.0,47.87,"AstraZeneca - Vaxzevria,Gamaleya - Gam-Covid-Vac,Gamaleya - Sputnik-Light,Pfizer BioNTech - Comirnaty,Sinovac - CoronaVac",5.0
14,Bahamas,BHS,AMRO,03/06/2022,340866,166471.0,86.681,42.333,157964.0,40.169,"AstraZeneca - Vaxzevria,Janssen - Ad26.COV 2-S,Pfizer BioNTech - Comirnaty,SII - Covishield",4.0
15,Bahrain,BHR,EMRO,01/06/2022,3444799,1236895.0,202.448,72.691,1220655.0,71.737,"AstraZeneca - Vaxzevria,Beijing CNBG - BBIBP-CorV,Bharat - Covaxin,CanSino - Convidecia,Gamaleya - Gam-Covid-Vac,Gamaleya - Sputnik-Light,Janssen - Ad26.COV 2-S,Moderna - Spikevax,Pfizer BioNTech - Comirnaty,SII - Covishield,Sinovac - CoronaVac",11.0
16,Bangladesh,BGD,SEARO,07/06/2022,269401356,129092630.0,163.581,78.386,118088249.0,71.704,"AstraZeneca - Vaxzevria,Beijing CNBG - BBIBP-CorV,Gamaleya - Gam-Covid-Vac,Janssen - Ad26.COV 2-S,Moderna - Spikevax,Pfizer BioNTech - Comirnaty,SII - Covishield,Sinovac - CoronaVac",8.0
17,Barbados,BRB,AMRO,03/06/2022,363262,162385.0,126.407,56.506,152808.0,53.174,"AstraZeneca - Vaxzevria,Beijing CNBG - BBIBP-CorV,Janssen - Ad26.COV 2-S,Pfizer BioNTech - Comirnaty,SII - Covishield",5.0
18,Belarus,BLR,EURO,29/05/2022,13054679,6388371.0,138.2,67.607,6237709.0,66.012,"Beijing CNBG - BBIBP-CorV,Chumakov - Covi-Vac,Gamaleya - Gam-Covid-Vac,Gamaleya - Sputnik-Light",4.0
19,Belgium,BEL,EURO,29/05/2022,25357830,9234117.0,220.1,80.14,9136723.0,79.295,"AstraZeneca - Vaxzevria,Janssen - Ad26.COV 2-S,Moderna - Spikevax,Pfizer BioNTech - Comirnaty",4.0
20,Belize,BLZ,AMRO,03/06/2022,478096,237860.0,120.237,59.82,212057.0,53.33,"AstraZeneca - Vaxzevria,Beijing CNBG - BBIBP-CorV,Janssen - Ad26.COV 2-S,Pfizer BioNTech - Comirnaty,SII - Covishield",5.0
21,Benin,BEN,AFRO,05/06/2022,4156907,3638324.0,34.289,30.011,2690085.0,22.19,"AstraZeneca - Vaxzevria,Janssen - Ad26.COV 2-S,Pfizer BioNTech - Comirnaty,SII - Covishield,Sinovac - CoronaVac",5.0
22,Bermuda,BMU,AMRO,03/06/2022,131612,48554.0,211.347,77.97,47657.0,76.529,"AstraZeneca - Vaxzevria,Pfizer BioNTech - Comirnaty",2.0
23,Bhutan,BTN,SEARO,05/06/2022,1909762,692874.0,247.504,89.796,672508.0,87.157,"AstraZeneca - Vaxzevria,Beijing CNBG - BBIBP-CorV,Moderna - Spikevax,Pfizer BioNTech - Comirnaty,SII - Covishield",5.0
24,Bolivia (Plurinational State of),BOL,AMRO,03/06/2022,13939699,7213127.0,119.418,61.793,5980603.0,51.234,"Beijing CNBG - BBIBP-CorV,Gamaleya - Gam-Covid-Vac,Janssen - Ad26.COV 2-S,Moderna - Spikevax,Pfizer BioNTech - Comirnaty,SII - Covishield",6.0
25,Bonaire,XAA,AMRO,03/06/2022,41250,17523.0,197.227,83.782,15841.0,75.74,Pfizer/BioNTech,1.0
26,"Bonaire, Sint Eustatius and Saba",BES,AMRO,09/04/2021,7391,5726.0,28.441,22.034,2965.0,11.41,"Moderna - Spikevax,Pfizer BioNTech - Comirnaty",2.0
27,Bosnia and Herzegovina,BIH,EURO,29/01/2022,1924950,943394.0,58.7,28.755,846080.0,25.789,"AstraZeneca - AZD1222, Pfizer BioNTech - Comirnaty, Sinovac - CoronaVac, Gamaleya - Sputnik V",4.0
28,Botswana,BWA,AFRO,05/06/2022,2727844,1695294.0,115.998,72.09,1510940.0,64.251,"Bharat - Covaxin,Janssen - Ad26.COV 2-S,Moderna - Spikevax,Pfizer BioNTech - Comirnaty,SII - Covishield,Sinovac - CoronaVac",6.0
29,Brazil,BRA,AMRO,03/06/2022,433872497,181071481.0,204.118,85.186,163459745.0,76.901,"AstraZeneca - Vaxzevria,Janssen - Ad26.COV 2-S,Pfizer BioNTech - Comirnaty,SII - Covishield,Sinovac - CoronaVac",5.0
30,British Virgin Islands,VGB,AMRO,03/06/2022,41104,19348.0,135.939,63.988,18030.0,59.629,"AstraZeneca - Vaxzevria,Janssen - Ad26.COV 2-S",2.0
31,Brunei Darussalam,BRN,WPRO,05/06/2022,1173118,444293.0,268.154,101.558,426764.0,97.551,"AstraZeneca - Vaxzevria,Beijing CNBG - BBIBP-CorV,Janssen - Ad26.COV 2-S,Moderna - Spikevax,Pfizer BioNTech - Comirnaty",5.0
32,Bulgaria,BGR,EURO,29/05/2022,4398844,2090328.0,63.3,30.07,2061151.0,29.651,"AstraZeneca - Vaxzevria,Janssen - Ad26.COV 2-S,Moderna - Spikevax,Pfizer BioNTech - Comirnaty",4.0
33,Burkina Faso,BFA,AFRO,05/06/2022,2947562,2449746.0,14.101,11.719,1555077.0,7.439,"Beijing CNBG - BBIBP-CorV,Janssen - Ad26.COV 2-S,SII - Covishield",3.0
34,Burundi,BDI,AFRO,05/06/2022,16232,14388.0,0.137,0.121,13811.0,0.116,Beijing CNBG - BBIBP-CorV,1.0
35,Cabo Verde,CPV,AFRO,05/06/2022,762486,355232.0,137.141,63.892,307398.0,55.289,"Beijing CNBG - BBIBP-CorV,Moderna - Spikevax,Pfizer BioNTech - Comirnaty,SII - Covishield",4.0
36,Cambodia,KHM,WPRO,05/06/2022,40160051,15045995.0,240.207,89.994,14328268.0,85.701,"AstraZeneca - Vaxzevria,Beijing CNBG - BBIBP-CorV,Janssen - Ad26.COV 2-S,Moderna - Spikevax,Pfizer BioNTech - Comirnaty,SII - Covishield,Sinovac - CoronaVac",7.0
37,Cameroon,CMR,AFRO,05/06/2022,1837626,1558744.0,6.922,5.872,1215532.0,4.579,"Beijing CNBG - BBIBP-CorV,Janssen - Ad26.COV 2-S,Pfizer BioNTech - Comirnaty,SII - Covishield",4.0
38,Canada,CAN,AMRO,03/06/2022,84847129,32562746.0,224.807,86.277,31250512.0,82.8,"AstraZeneca - Vaxzevria,Janssen - Ad26.COV 2-S,Moderna - Spikevax,Pfizer BioNTech - Comirnaty,SII - Covishield",5.0
39,Cayman Islands,CYM,AMRO,03/06/2022,144978,61119.0,220.6,92.999,59292.0,90.219,Pfizer BioNTech - Comirnaty,1.0
40,Central African Republic,CAF,AFRO,05/06/2022,1193681,1101130.0,24.715,22.799,1044746.0,21.631,"Bharat - Covaxin,SII - Covishield",2.0
41,Chad,TCD,AFRO,05/06/2022,2355126,2216437.0,14.338,13.494,2091466.0,12.733,Beijing CNBG - BBIBP-CorV,1.0
42,Chile,CHL,AMRO,03/06/2022,56897016,17965569.0,297.638,93.981,17528387.0,91.694,"AstraZeneca - Vaxzevria,CanSino - Convidecia,Moderna - Spikevax,Pfizer BioNTech - Comirnaty,Sinovac - CoronaVac",5.0
43,China,CHN,WPRO,05/06/2022,3397315599,1297285455.0,230.908,88.174,1266874166.0,86.107,"Anhui ZL - Zifivax,Beijing CNBG - BBIBP-CorV,CanSino - Convidecia,IMB - Covidful,Pfizer BioNTech - Comirnaty,Shenzhen - LV-SMENP-DC,Sinovac - CoronaVac,Wuhan CNBG - Inactivated",8.0
44,Colombia,COL,AMRO,03/06/2022,84486714,42292969.0,166.041,83.118,35958948.0,70.67,"AstraZeneca - Vaxzevria,Janssen - Ad26.COV 2-S,Moderna - Spikevax,Pfizer BioNTech - Comirnaty,Sinovac - CoronaVac",5.0
45,Comoros,COM,AFRO,05/06/2022,642520,341302.0,73.887,39.248,301218.0,34.639,"Beijing CNBG - BBIBP-CorV,Bharat - Covaxin,SII - Covishield",3.0
46,Congo,COG,AFRO,05/06/2022,831318,693902.0,15.065,12.575,652422.0,11.823,"Beijing CNBG - BBIBP-CorV,Gamaleya - Gam-Covid-Vac,Moderna - Spikevax,SII - Covishield",4.0
47,Cook Islands,COK,WPRO,05/06/2022,39667,15013.0,225.843,85.476,14679.0,83.574,Pfizer BioNTech - Comirnaty,1.0
48,Costa Rica,CRI,AMRO,03/06/2022,11017624,4437629.0,216.281,87.113,4143017.0,81.329,"AstraZeneca - Vaxzevria,Moderna - Spikevax,Pfizer BioNTech - Comirnaty",3.0
50,Croatia,HRV,EURO,29/05/2022,5253369,2313092.0,129.5,57.032,2239483.0,55.185,"AstraZeneca - Vaxzevria,Janssen - Ad26.COV 2-S,Moderna - Spikevax,Novavax-NUVAXOVID,Pfizer BioNTech - Comirnaty,Unknown Vaccine",6.0
51,Cuba,CUB,AMRO,03/06/2022,36461068,10670978.0,321.906,94.212,9965164.0,87.98,"CIGB - CIGB-66,Finlay - Soberana Plus,Finlay - Soberana-02",3.0
52,Curaçao,CUW,AMRO,03/06/2022,253246,108161.0,154.331,65.914,99402.0,60.577,"AstraZeneca - Vaxzevria,Moderna - Spikevax,Pfizer BioNTech - Comirnaty",3.0
53,Cyprus,CYP,EURO,29/05/2022,1785214,663886.0,201.0,74.762,659912.0,74.314,"AstraZeneca - Vaxzevria,Janssen - Ad26.COV 2-S,Moderna - Spikevax,Novavax-NUVAXOVID,Pfizer BioNTech - Comirnaty",5.0
54,Czechia,CZE,EURO,29/05/2022,17620044,6956360.0,164.8,65.05,6868349.0,64.227,"AstraZeneca - Vaxzevria,Janssen - Ad26.COV 2-S,Moderna - Spikevax,Novavax-NUVAXOVID,Pfizer BioNTech - Comirnaty",5.0
49,Côte d’Ivoire,CIV,AFRO,05/06/2022,12753769,8026397.0,48.35,30.428,5540193.0,21.003,"Beijing CNBG - BBIBP-CorV,Gamaleya - Gam-Covid-Vac,Janssen - Ad26.COV 2-S,Pfizer BioNTech - Comirnaty,SII - Covishield",5.0
55,Democratic Republic of the Congo,COD,AFRO,05/06/2022,2952125,2416650.0,3.296,2.698,1710177.0,1.91,SII - Covishield,1.0
56,Denmark,DNK,EURO,22/05/2022,13204905,4831421.0,226.8,82.975,4783959.0,82.16,"AstraZeneca - Vaxzevria,Janssen - Ad26.COV 2-S,Moderna - Spikevax,Pfizer BioNTech - Comirnaty,Unknown Vaccine",5.0
57,Djibouti,DJI,EMRO,05/06/2022,311823,175939.0,31.561,17.808,135884.0,13.753,"AstraZeneca - Vaxzevria,Beijing CNBG - BBIBP-CorV,Bharat - Covaxin,CanSino - Convidecia,Gamaleya - Gam-Covid-Vac,Gamaleya - Sputnik-Light,Janssen - Ad26.COV 2-S,Moderna - Spikevax,Pfizer BioNTech - Comirnaty,SII - Covishield,Sinovac - CoronaVac",11.0
58,Dominica,DMA,AMRO,03/06/2022,66733,32759.0,92.696,45.504,30328.0,42.127,"AstraZeneca - Vaxzevria,Beijing CNBG - BBIBP-CorV,Pfizer BioNTech - Comirnaty,SII - Covishield",4.0
59,Dominican Republic,DOM,AMRO,03/06/2022,15555792,7222205.0,143.399,66.577,5982874.0,55.152,"AstraZeneca - Vaxzevria,SII - Covishield,Sinovac - CoronaVac",3.0
60,Ecuador,ECU,AMRO,03/06/2022,35268627,15167715.0,199.901,85.97,13978527.0,79.23,"AstraZeneca - Vaxzevria,CanSino - Convidecia,Pfizer BioNTech - Comirnaty,Sinovac - CoronaVac",4.0
61,Egypt,EGY,EMRO,05/06/2022,86132442,47851408.0,84.168,46.76,35333851.0,34.528,"AstraZeneca - Vaxzevria,Beijing CNBG - BBIBP-CorV,Bharat - Covaxin,CanSino - Convidecia,Gamaleya - Gam-Covid-Vac,Gamaleya - Sputnik-Light,Janssen - Ad26.COV 2-S,Moderna - Spikevax,Pfizer BioNTech - Comirnaty,Sinovac - CoronaVac",10.0
62,El Salvador,SLV,AMRO,03/06/2022,10785039,4588952.0,166.277,70.749,4296101.0,66.234,"AstraZeneca - Vaxzevria,Beijing CNBG - BBIBP-CorV,Moderna - Spikevax,Pfizer BioNTech - Comirnaty,SII - Covishield,Sinovac - CoronaVac",6.0
63,Equatorial Guinea,GNQ,AFRO,05/06/2022,479991,265505.0,34.212,18.924,206762.0,14.737,"Beijing CNBG - BBIBP-CorV,Sinovac - CoronaVac",2.0
64,Estonia,EST,EURO,29/05/2022,2073453,841601.0,156.0,63.327,837237.0,62.999,"AstraZeneca - Vaxzevria,Janssen - Ad26.COV 2-S,Moderna - Spikevax,Novavax-NUVAXOVID,Pfizer BioNTech - Comirnaty",5.0
65,Eswatini,SWZ,AFRO,05/06/2022,535393,387468.0,46.148,33.398,336066.0,28.967,"Janssen - Ad26.COV 2-S,Pfizer BioNTech - Comirnaty,SII - Covishield",3.0
66,Ethiopia,ETH,AFRO,05/06/2022,29419678,24770491.0,25.59,21.546,21292024.0,18.521,"Beijing CNBG - BBIBP-CorV,Bharat - Covaxin,Janssen - Ad26.COV 2-S,SII - Covishield",4.0
67,Falkland Islands (Malvinas),FLK,AMRO,14/04/2021,4407,2632.0,126.529,75.567,1775.0,50.962,AstraZeneca - AZD1222,1.0
68,Faroe Islands,FRO,EURO,18/02/2022,103894,41715.0,212.614,85.368,40895.0,83.69,"Moderna - mRNA-1273, Pfizer BioNTech - Comirnaty",2.0
69,Fiji,FJI,WPRO,05/06/2022,1469702,705891.0,163.948,78.743,634301.0,70.757,"AstraZeneca - Vaxzevria,Moderna - Spikevax,SII - Covishield",3.0
70,Finland,FIN,EURO,29/05/2022,11833552,4531577.0,214.2,82.015,4340329.0,78.554,"AstraZeneca - Vaxzevria,Janssen - Ad26.COV 2-S,Moderna - Spikevax,Pfizer BioNTech - Comirnaty,Unknown Vaccine",5.0
71,France,FRA,EURO,29/05/2022,148063245,54398084.0,219.9,80.805,52812105.0,78.449,"AstraZeneca - Vaxzevria,Janssen - Ad26.COV 2-S,Moderna - Spikevax,Novavax-NUVAXOVID,Pfizer BioNTech - Comirnaty,Unknown Vaccine",6.0
72,French Guiana,GUF,AMRO,03/06/2022,231220,98390.0,77.413,32.941,89111.0,29.835,"Moderna - Spikevax,Pfizer BioNTech - Comirnaty",2.0
73,French Polynesia,PYF,WPRO,05/06/2022,344607,186597.0,122.676,66.426,183548.0,65.341,"Janssen - Ad26.COV 2-S,Pfizer BioNTech - Comirnaty",2.0
74,Gabon,GAB,AFRO,05/06/2022,566886,308489.0,25.47,13.86,256088.0,11.506,"Beijing CNBG - BBIBP-CorV,Gamaleya - Gam-Covid-Vac,Pfizer BioNTech - Comirnaty",3.0
75,Gambia,GMB,AFRO,05/06/2022,720000,449464.0,29.793,18.599,354340.0,14.662,"Beijing CNBG - BBIBP-CorV,SII - Covishield",2.0
76,Georgia,GEO,EURO,22/05/2022,2685459,1281508.0,67.3,32.125,1166039.0,29.23,"AstraZeneca - Vaxzevria,Beijing CNBG - BBIBP-CorV,Pfizer BioNTech - Comirnaty,Sinovac - CoronaVac",4.0
77,Germany,DEU,EURO,29/05/2022,179952194,64542796.0,216.4,77.607,64501003.0,77.556,"AstraZeneca - Vaxzevria,Janssen - Ad26.COV 2-S,Moderna - Spikevax,Novavax-NUVAXOVID,Pfizer BioNTech - Comirnaty,Unknown Vaccine",6.0
78,Ghana,GHA,AFRO,05/06/2022,16203630,9786631.0,52.147,31.496,6410470.0,20.63,"Gamaleya - Gam-Covid-Vac,SII - Covishield",2.0
79,Gibraltar,GIB,EURO,21/04/2022,119855,42074.0,355.748,124.882,41421.0,122.944,"AstraZeneca - AZD1222, Pfizer BioNTech - Comirnaty",2.0
80,Greece,GRC,EURO,29/05/2022,21094849,7897973.0,196.8,73.685,7713777.0,71.967,"AstraZeneca - Vaxzevria,Janssen - Ad26.COV 2-S,Moderna - Spikevax,Novavax-NUVAXOVID,Pfizer BioNTech - Comirnaty",5.0
81,Greenland,GRL,EURO,07/03/2022,79745,41243.0,140.465,72.647,38502.0,67.819,Moderna - mRNA-1273,1.0
82,Grenada,GRD,AMRO,03/06/2022,88728,43650.0,78.853,38.792,38410.0,34.135,"AstraZeneca - Vaxzevria,Janssen - Ad26.COV 2-S,Pfizer BioNTech - Comirnaty,SII - Covishield",4.0
83,Guadeloupe,GLP,AMRO,03/06/2022,377846,148990.0,94.432,37.236,143076.0,35.758,"AstraZeneca - Vaxzevria,Janssen - Ad26.COV 2-S,Moderna - Spikevax,Pfizer BioNTech - Comirnaty",6.0
84,Guam,GUM,WPRO,05/06/2022,349073,154519.0,206.827,91.553,140525.0,83.262,"Janssen - Ad26.COV 2-S,Moderna - Spikevax,Pfizer BioNTech - Comirnaty",3.0
85,Guatemala,GTM,AMRO,03/06/2022,17558698,8249568.0,98.008,46.047,6254215.0,34.909,"AstraZeneca - Vaxzevria,Gamaleya - Gam-Covid-Vac,Moderna - Spikevax,Pfizer BioNTech - Comirnaty,SII - Covishield",5.0
86,Guernsey,GGY,EURO,01/06/2022,156415,,242.624,,,,"Moderna - mRNA-1273, AstraZeneca - AZD1222, Pfizer BioNTech - Comirnaty",3.0
87,Guinea,GIN,AFRO,05/06/2022,6127699,4477740.0,46.66,34.096,2511039.0,19.12,"Beijing CNBG - BBIBP-CorV,Gamaleya - Gam-Covid-Vac,Janssen - Ad26.COV 2-S,Pfizer BioNTech - Comirnaty,SII - Covishield,Sinovac - CoronaVac",6.0
88,Guinea-Bissau,GNB,AFRO,05/06/2022,562717,529346.0,28.593,26.898,341781.0,17.367,"Beijing CNBG - BBIBP-CorV,SII - Covishield",2.0
89,Guyana,GUY,AMRO,03/06/2022,909924,476991.0,115.685,60.643,367326.0,46.701,"AstraZeneca - Vaxzevria,Beijing CNBG - BBIBP-CorV,Gamaleya - Gam-Covid-Vac,Janssen - Ad26.COV 2-S,Moderna - Spikevax,Pfizer BioNTech - Comirnaty,SII - Covishield",7.0
90,Haiti,HTI,AMRO,03/06/2022,285651,188584.0,2.505,1.654,132177.0,1.159,"Janssen - Ad26.COV 2-S,Moderna - Spikevax",2.0
91,Honduras,HND,AMRO,03/06/2022,14065533,6210907.0,142.01,62.707,5307723.0,53.588,"AstraZeneca - Vaxzevria,Gamaleya - Gam-Covid-Vac,Janssen - Ad26.COV 2-S,Moderna - Spikevax,Pfizer BioNTech - Comirnaty,SII - Covishield",6.0
92,Hungary,HUN,EURO,29/05/2022,16398692,6346095.0,167.9,64.958,6139822.0,62.847,"AstraZeneca - Vaxzevria,Beijing CNBG - BBIBP-CorV,Gamaleya - Gam-Covid-Vac,Janssen - Ad26.COV 2-S,Moderna - Spikevax,Pfizer BioNTech - Comirnaty,Sinovac - CoronaVac",7.0
93,Iceland,ISL,EURO,29/05/2022,803561,306483.0,220.7,84.168,296820.0,81.514,"AstraZeneca - Vaxzevria,Janssen - Ad26.COV 2-S,Moderna - Spikevax,Pfizer BioNTech - Comirnaty",4.0
94,India,IND,SEARO,07/06/2022,1962351204,1011009637.0,142.199,73.261,895821508.0,64.914,"Bharat - Covaxin,Biological E - Corbevax,Gamaleya - Gam-Covid-Vac,Janssen - Ad26.COV 2-S,Moderna - Spikevax,SII - Covishield,SII - Covovax,Zydus - ZyCov-D",8.0
95,Indonesia,IDN,SEARO,07/06/2022,415385585,200652038.0,151.865,73.358,167822664.0,61.356,"AstraZeneca - Vaxzevria,Beijing CNBG - BBIBP-CorV,Janssen - Ad26.COV 2-S,Moderna - Spikevax,Novavax-NUVAXOVID,Pfizer BioNTech - Comirnaty,Sinovac - CoronaVac",7.0
96,Iran (Islamic Republic of),IRN,EMRO,29/05/2022,149357848,64501988.0,177.822,76.795,57809578.0,68.827,"AstraZeneca - Vaxzevria,Beijing CNBG - BBIBP-CorV,Bharat - Covaxin,CanSino - Convidecia,Finlay - Soberana-02,Gamaleya - Gam-Covid-Vac,Gamaleya - Sputnik-Light,Janssen - Ad26.COV 2-S,Moderna - Spikevax,Pfizer BioNTech - Comirnaty,Shifa - COVIran Barakat,Sinovac - CoronaVac",12.0
97,Iraq,IRQ,EMRO,28/05/2022,18353783,10674521.0,45.631,26.539,7498791.0,18.643,"AstraZeneca - Vaxzevria,Beijing CNBG - BBIBP-CorV,Bharat - Covaxin,CanSino - Convidecia,Gamaleya - Gam-Covid-Vac,Gamaleya - Sputnik-Light,Janssen - Ad26.COV 2-S,Moderna - Spikevax,Pfizer BioNTech - Comirnaty,Sinovac - CoronaVac",10.0
98,Ireland,IRL,EURO,29/05/2022,11114500,4038189.0,223.9,83.761,3997486.0,80.522,"AstraZeneca - Vaxzevria,Janssen - Ad26.COV 2-S,Moderna - Spikevax,Novavax-NUVAXOVID,Pfizer BioNTech - Comirnaty",5.0
99,Isle of Man,IMN,EURO,05/04/2022,189681,69532.0,223.07,81.772,67024.0,78.822,"Moderna - mRNA-1273, AstraZeneca - AZD1222, Pfizer BioNTech - Comirnaty",3.0
100,Israel,ISR,EURO,08/05/2022,15018677,7054015.0,173.5,81.497,6382834.0,73.743,"AstraZeneca - Vaxzevria,Moderna - Spikevax,Pfizer BioNTech - Comirnaty",3.0
101,Italy,ITA,EURO,15/05/2022,136206350,50381196.0,228.4,84.478,47455689.0,79.568,"AstraZeneca - Vaxzevria,Janssen - Ad26.COV 2-S,Moderna - Spikevax,Novavax-NUVAXOVID,Pfizer BioNTech - Comirnaty",5.0
102,Jamaica,JAM,AMRO,03/06/2022,1442890,804279.0,48.727,27.161,700243.0,23.648,"AstraZeneca - Vaxzevria,Beijing CNBG - BBIBP-CorV,Janssen - Ad26.COV 2-S,Pfizer BioNTech - Comirnaty,SII - Covishield",5.0
103,Japan,JPN,WPRO,05/06/2022,279402397,103523757.0,220.913,81.852,101984505.0,80.635,"AstraZeneca - Vaxzevria,Moderna - Spikevax,Novavax-NUVAXOVID,Pfizer BioNTech - Comirnaty",4.0
104,Jersey,JEY,EURO,05/06/2022,234978,83487.0,217.984,77.449,80597.0,74.768,"Moderna - mRNA-1273, AstraZeneca - AZD1222, Pfizer BioNTech - Comirnaty",3.0
105,Jordan,JOR,EMRO,29/05/2022,9951844,4789727.0,97.537,46.944,4508753.0,44.19,"AstraZeneca - Vaxzevria,Beijing CNBG - BBIBP-CorV,Bharat - Covaxin,CanSino - Convidecia,Gamaleya - Gam-Covid-Vac,Gamaleya - Sputnik-Light,Janssen - Ad26.COV 2-S,Moderna - Spikevax,Pfizer BioNTech - Comirnaty,Sinovac - CoronaVac",10.0
106,Kazakhstan,KAZ,EURO,29/05/2022,26084936,10643089.0,138.9,56.682,11170347.0,59.49,"Beijing CNBG - BBIBP-CorV,Gamaleya - Gam-Covid-Vac,Pfizer BioNTech - Comirnaty,RIBSP - QazVac,Sinovac - CoronaVac",5.0
107,Kenya,KEN,AFRO,05/06/2022,18367309,12576597.0,34.158,23.389,9223230.0,17.153,"Beijing CNBG - BBIBP-CorV,Janssen - Ad26.COV 2-S,Moderna - Spikevax,Pfizer BioNTech - Comirnaty,SII - Covishield",5.0
108,Kiribati,KIR,WPRO,05/06/2022,151235,80566.0,126.611,67.448,60670.0,50.792,"AstraZeneca - Vaxzevria,Beijing CNBG - BBIBP-CorV",2.0
109,Kosovo,XKX,EURO,29/05/2022,1828696,903026.0,101.8,50.289,822798.0,45.821,"AstraZeneca - AZD1222, Pfizer BioNTech - Comirnaty",2.0
110,Kuwait,KWT,EMRO,01/06/2022,8043969,3426459.0,188.358,80.234,3310871.0,77.528,"AstraZeneca - Vaxzevria,Beijing CNBG - BBIBP-CorV,Bharat - Covaxin,CanSino - Convidecia,Gamaleya - Gam-Covid-Vac,Gamaleya - Sputnik-Light,Janssen - Ad26.COV 2-S,Moderna - Spikevax,Pfizer BioNTech - Comirnaty,Sinovac - CoronaVac",10.0
111,Kyrgyzstan,KGZ,EURO,29/05/2022,2850862,1430615.0,43.7,21.928,1262853.0,19.356,"AstraZeneca - Vaxzevria,Beijing CNBG - BBIBP-CorV,Gamaleya - Gam-Covid-Vac,Moderna - Spikevax,Pfizer BioNTech - Comirnaty,RIBSP - QazVac",6.0
112,Lao People's Democratic Republic,LAO,WPRO,05/06/2022,11130131,5786537.0,152.98,79.534,4939064.0,67.886,"AstraZeneca - Vaxzevria,Beijing CNBG - BBIBP-CorV,Gamaleya - Gam-Covid-Vac,Gamaleya - Sputnik-Light,Janssen - Ad26.COV 2-S,Pfizer BioNTech - Comirnaty,SII - Covishield,Sinovac - CoronaVac",8.0
113,Latvia,LVA,EURO,22/05/2022,2826513,1300851.0,148.2,68.19,1268859.0,66.513,"AstraZeneca - Vaxzevria,Janssen - Ad26.COV 2-S,Moderna - Spikevax,Novavax-NUVAXOVID,Pfizer BioNTech - Comirnaty",5.0
114,Lebanon,LBN,EMRO,30/05/2022,5634462,2686207.0,82.551,39.356,2362812.0,34.618,"AstraZeneca - Vaxzevria,Beijing CNBG - BBIBP-CorV,Bharat - Covaxin,CanSino - Convidecia,Gamaleya - Gam-Covid-Vac,Gamaleya - Sputnik-Light,Janssen - Ad26.COV 2-S,Moderna - Spikevax,Pfizer BioNTech - Comirnaty,Sinovac - CoronaVac",10.0
115,Lesotho,LSO,AFRO,05/06/2022,948906,1014456.0,44.295,47.355,739962.0,34.541,"Beijing CNBG - BBIBP-CorV,Janssen - Ad26.COV 2-S,SII - Covishield",3.0
116,Liberia,LBR,AFRO,05/06/2022,1996703,1751520.0,39.479,34.631,1438154.0,28.435,SII - Covishield,1.0
117,Libya,LBY,EMRO,05/06/2022,3514582,2246087.0,51.149,32.688,1167540.0,16.992,"AstraZeneca - Vaxzevria,Beijing CNBG - BBIBP-CorV,Bharat - Covaxin,CanSino - Convidecia,Gamaleya - Gam-Covid-Vac,Gamaleya - Sputnik-Light,Janssen - Ad26.COV 2-S,Moderna - Spikevax,Pfizer BioNTech - Comirnaty,Sinovac - CoronaVac",10.0
118,Liechtenstein,LIE,OTHER,10/04/2022,71104,26681.0,183.5,68.86,26346.0,67.995,"Janssen - Ad26.COV 2-S,Moderna - Spikevax,Pfizer BioNTech - Comirnaty",3.0
119,Lithuania,LTU,EURO,29/05/2022,4472293,1951055.0,160.1,69.982,1900995.0,68.036,"AstraZeneca - Vaxzevria,Janssen - Ad26.COV 2-S,Moderna - Spikevax,Pfizer BioNTech - Comirnaty,Unknown Vaccine",5.0
120,Luxembourg,LUX,EURO,29/05/2022,1264619,469087.0,202.0,74.921,462034.0,73.795,"AstraZeneca - Vaxzevria,Janssen - Ad26.COV 2-S,Moderna - Spikevax,Novavax-NUVAXOVID,Pfizer BioNTech - Comirnaty",5.0
121,Madagascar,MDG,AFRO,05/06/2022,2369775,1290584.0,8.558,4.661,1199011.0,4.33,"Beijing CNBG - BBIBP-CorV,Janssen - Ad26.COV 2-S,SII - Covishield",3.0
122,Malawi,MWI,AFRO,05/06/2022,2166402,1596607.0,11.325,8.346,1139589.0,5.957,"Janssen - Ad26.COV 2-S,SII - Covishield",2.0
123,Malaysia,MYS,WPRO,05/06/2022,70973991,27997736.0,219.286,86.504,27086354.0,83.688,"AstraZeneca - Vaxzevria,Beijing CNBG - BBIBP-CorV,CanSino - Convidecia,Gamaleya - Gam-Covid-Vac,Janssen - Ad26.COV 2-S,Moderna - Spikevax,Pfizer BioNTech - Comirnaty,Sinovac - CoronaVac",8.0
124,Maldives,MDV,SEARO,06/06/2022,944563,398727.0,174.743,73.764,384274.0,71.09,"AstraZeneca - Vaxzevria,Beijing CNBG - BBIBP-CorV,Gamaleya - Gam-Covid-Vac,Janssen - Ad26.COV 2-S,Moderna - Spikevax,Pfizer BioNTech - Comirnaty,SII - Covishield,Sinovac - CoronaVac",8.0
125,Mali,MLI,AFRO,05/06/2022,2308245,1695963.0,11.398,8.375,1245359.0,6.15,SII - Covishield,1.0
126,Malta,MLT,EURO,29/05/2022,1240419,450051.0,241.1,87.463,444214.0,86.328,"AstraZeneca - Vaxzevria,Janssen - Ad26.COV 2-S,Moderna - Spikevax,Pfizer BioNTech - Comirnaty",4.0
127,Marshall Islands,MHL,WPRO,05/06/2022,67461,35056.0,113.966,59.222,27591.0,46.611,"Janssen - Ad26.COV 2-S,Moderna - Spikevax,Pfizer BioNTech - Comirnaty",3.0
128,Martinique,MTQ,AMRO,03/06/2022,384386,148947.0,102.431,39.691,143729.0,38.301,Pfizer BioNTech - Comirnaty,1.0
129,Mauritania,MRT,AFRO,05/06/2022,2845889,1924472.0,61.206,41.39,1332013.0,28.648,"Beijing CNBG - BBIBP-CorV,SII - Covishield",2.0
130,Mauritius,MUS,AFRO,05/06/2022,2551638,977183.0,200.637,76.837,944658.0,74.279,"Beijing CNBG - BBIBP-CorV,Bharat - Covaxin,SII - Covishield",3.0
131,Mexico,MEX,AMRO,03/06/2022,208630697,88047653.0,161.814,68.29,79947470.0,62.007,"AstraZeneca - Vaxzevria,CanSino - Convidecia,Gamaleya - Gam-Covid-Vac,Janssen - Ad26.COV 2-S,Moderna - Spikevax,Pfizer BioNTech - Comirnaty,Sinovac - CoronaVac",7.0
132,Micronesia (Federated States of),FSM,WPRO,05/06/2022,128183,67839.0,111.441,58.979,57297.0,49.814,"AstraZeneca - Vaxzevria,Janssen - Ad26.COV 2-S,Moderna - Spikevax,Pfizer BioNTech - Comirnaty",4.0
133,Monaco,MCO,EURO,02/01/2022,58294,23460.0,148.5,59.78,23356.0,59.515,"AstraZeneca - Vaxzevria,Janssen - Ad26.COV 2-S,Moderna - Spikevax,Novavax - Covavax,Novavax-NUVAXOVID,Pfizer BioNTech - Comirnaty",6.0
134,Mongolia,MNG,WPRO,05/06/2022,5629336,2273504.0,171.716,69.35,2176508.0,66.392,"AstraZeneca - Vaxzevria,Beijing CNBG - BBIBP-CorV,Gamaleya - Gam-Covid-Vac,Moderna - Spikevax,Pfizer BioNTech - Comirnaty,SII - Covishield",6.0
135,Montenegro,MNE,EURO,29/05/2022,524984,271780.0,83.6,43.703,253204.0,40.716,"AstraZeneca - Vaxzevria,Beijing CNBG - BBIBP-CorV,Gamaleya - Gam-Covid-Vac,Pfizer BioNTech - Comirnaty,Unknown Vaccine",5.0
136,Montserrat,MSR,AMRO,03/06/2022,4255,1916.0,85.117,38.328,1829.0,36.587,AstraZeneca - Vaxzevria,1.0
137,Morocco,MAR,EMRO,05/06/2022,54710937,24930030.0,148.226,67.542,23411104.0,63.427,"AstraZeneca - Vaxzevria,Beijing CNBG - BBIBP-CorV,Bharat - Covaxin,CanSino - Convidecia,Gamaleya - Gam-Covid-Vac,Gamaleya - Sputnik-Light,Janssen - Ad26.COV 2-S,Moderna - Spikevax,Pfizer BioNTech - Comirnaty,Sinovac - CoronaVac",10.0
138,Mozambique,MOZ,AFRO,05/06/2022,31616078,14978771.0,101.154,47.924,14098645.0,45.108,"Beijing CNBG - BBIBP-CorV,Janssen - Ad26.COV 2-S,SII - Covishield",3.0
139,Myanmar,MMR,SEARO,24/05/2022,59453155,31345527.0,109.269,57.61,26110318.0,47.988,"Beijing CNBG - BBIBP-CorV,SII - Covishield",2.0
140,Namibia,NAM,AFRO,05/06/2022,825518,496475.0,32.489,19.539,426681.0,16.792,"Beijing CNBG - BBIBP-CorV,Janssen - Ad26.COV 2-S,Pfizer BioNTech - Comirnaty,SII - Covishield",4.0
141,Nauru,NRU,WPRO,05/06/2022,22976,9464.0,212.073,87.355,8585.0,79.241,"AstraZeneca - Vaxzevria,SII - Covishield",2.0
142,Nepal,NPL,SEARO,06/06/2022,47141797,22441717.0,161.795,77.022,19926930.0,68.391,"AstraZeneca - Vaxzevria,Beijing CNBG - BBIBP-CorV,Bharat - Covaxin,Gamaleya - Gam-Covid-Vac,Janssen - Ad26.COV 2-S,Moderna - Spikevax,Pfizer BioNTech - Comirnaty,SII - Covishield",8.0
143,Netherlands,NLD,EURO,29/05/2022,35332748,12808594.0,203.0,73.581,11983233.0,68.839,"AstraZeneca - Vaxzevria,Janssen - Ad26.COV 2-S,Moderna - Spikevax,Novavax-NUVAXOVID,Pfizer BioNTech - Comirnaty,Unknown Vaccine",6.0
144,New Caledonia,NCL,WPRO,05/06/2022,460985,188325.0,161.467,65.964,180201.0,63.118,"Janssen - Ad26.COV 2-S,Pfizer BioNTech - Comirnaty",2.0
145,New Zealand,NZL,WPRO,05/06/2022,11090222,4262527.0,229.981,88.393,4079886.0,84.606,"AstraZeneca - Vaxzevria,Janssen - Ad26.COV 2-S,Novavax-NUVAXOVID,Pfizer BioNTech - Comirnaty",4.0
146,Nicaragua,NIC,AMRO,03/06/2022,10760706,5788470.0,162.437,87.379,4972236.0,75.058,"AstraZeneca - Vaxzevria,CIGB - CIGB-66,Finlay - Soberana Plus,Finlay - Soberana-02,Gamaleya - Gam-Covid-Vac,Gamaleya - Sputnik-Light,Janssen - Ad26.COV 2-S,Pfizer BioNTech - Comirnaty,SII - Covishield",9.0
147,Niger,NER,AFRO,05/06/2022,2703493,2198758.0,11.168,9.083,1556817.0,6.431,"Beijing CNBG - BBIBP-CorV,SII - Covishield",2.0
148,Nigeria,NGA,AFRO,05/06/2022,46391592,27401621.0,22.505,13.293,16817979.0,8.159,SII - Covishield,1.0
149,Niue,NIU,WPRO,05/06/2022,4161,1650.0,257.169,101.978,1417.0,87.577,Pfizer BioNTech - Comirnaty,1.0
150,North Macedonia,MKD,EURO,22/05/2022,1848954,853737.0,88.7,41.119,837084.0,40.317,"AstraZeneca - Vaxzevria,Beijing CNBG - BBIBP-CorV,Gamaleya - Gam-Covid-Vac,Pfizer BioNTech - Comirnaty,Sinovac - CoronaVac,Wuhan CNBG - Inactivated",6.0
151,Northern Mariana Islands (Commonwealth of the),MNP,WPRO,05/06/2022,111665,44759.0,194.008,77.765,43866.0,76.213,"Janssen - Ad26.COV 2-S,Moderna - Spikevax,Pfizer BioNTech - Comirnaty",3.0
152,Norway,NOR,EURO,29/05/2022,11318644,4336878.0,210.9,80.798,4044245.0,75.346,"AstraZeneca - Vaxzevria,Janssen - Ad26.COV 2-S,Moderna - Spikevax,Pfizer BioNTech - Comirnaty",4.0
154,Oman,OMN,EMRO,23/05/2022,7090453,3263849.0,138.848,63.914,3072891.0,60.175,"AstraZeneca - Vaxzevria,Beijing CNBG - BBIBP-CorV,Bharat - Covaxin,CanSino - Convidecia,Gamaleya - Gam-Covid-Vac,Gamaleya - Sputnik-Light,Janssen - Ad26.COV 2-S,Moderna - Spikevax,Pfizer BioNTech - Comirnaty,SII - Covishield,Sinovac - CoronaVac",11.0
155,Pakistan,PAK,EMRO,30/05/2022,256289705,143988959.0,116.025,65.185,121494669.0,55.002,"AstraZeneca - Vaxzevria,Beijing CNBG - BBIBP-CorV,Bharat - Covaxin,CanSino - Convidecia,Gamaleya - Gam-Covid-Vac,Gamaleya - Sputnik-Light,Janssen - Ad26.COV 2-S,Moderna - Spikevax,Pfizer BioNTech - Comirnaty,SII - Covishield,Sinovac - CoronaVac",11.0
156,Palau,PLW,WPRO,05/06/2022,47146,20196.0,260.59,111.629,17971.0,99.331,"Janssen - Ad26.COV 2-S,Moderna - Spikevax,Pfizer BioNTech - Comirnaty",3.0
157,Panama,PAN,AMRO,03/06/2022,8242621,3477600.0,191.033,80.598,3103529.0,71.928,"AstraZeneca - Vaxzevria,Pfizer BioNTech - Comirnaty",2.0
158,Papua New Guinea,PNG,WPRO,05/06/2022,452777,330825.0,5.061,3.698,271349.0,3.033,"AstraZeneca - Vaxzevria,Beijing CNBG - BBIBP-CorV,Janssen - Ad26.COV 2-S,SII - Covishield",4.0
159,Paraguay,PRY,AMRO,03/06/2022,8798904,3937397.0,123.363,55.203,3435394.0,48.165,"AstraZeneca - Vaxzevria,Beijing CNBG - BBIBP-CorV,Bharat - Covaxin,Gamaleya - Gam-Covid-Vac,Julphar - Hayat-Vax,Moderna - Spikevax,Pfizer BioNTech - Comirnaty,Sinovac - CoronaVac",8.0
160,Peru,PER,AMRO,03/06/2022,75444116,29373878.0,228.814,89.088,27372984.0,83.019,"AstraZeneca - Vaxzevria,Beijing CNBG - BBIBP-CorV,Moderna - Spikevax,Pfizer BioNTech - Comirnaty",4.0
161,Philippines,PHL,WPRO,05/06/2022,150995394,74634409.0,137.793,68.109,70009042.0,63.888,"AstraZeneca - Vaxzevria,Beijing CNBG - BBIBP-CorV,Bharat - Covaxin,Gamaleya - Gam-Covid-Vac,Gamaleya - Sputnik-Light,Janssen - Ad26.COV 2-S,Julphar - Hayat-Vax,Moderna - Spikevax,Novavax-NUVAXOVID,Pfizer BioNTech - Comirnaty,Sinovac - CoronaVac",11.0
162,Pitcairn Islands,PCN,WPRO,05/06/2022,106,46.0,212.0,92.0,37.0,74.0,AstraZeneca - Vaxzevria,1.0
163,Poland,POL,EURO,29/05/2022,54551867,22817068.0,143.7,60.111,22518979.0,59.326,"AstraZeneca - Vaxzevria,Janssen - Ad26.COV 2-S,Moderna - Spikevax,Novavax-NUVAXOVID,Pfizer BioNTech - Comirnaty",5.0
164,Portugal,PRT,EURO,29/05/2022,24105499,9716547.0,234.1,94.464,8866231.0,86.114,"AstraZeneca - Vaxzevria,Beijing CNBG - BBIBP-CorV,Bharat - Covaxin,Janssen - Ad26.COV 2-S,Moderna - Spikevax,Novavax-NUVAXOVID,Pfizer BioNTech - Comirnaty,Sinovac - CoronaVac",8.0
165,Puerto Rico,PRI,AMRO,03/06/2022,7286265,3052719.0,254.689,106.707,2664504.0,93.137,"Janssen - Ad26.COV 2-S,Moderna - Spikevax,Pfizer BioNTech - Comirnaty",3.0
166,Qatar,QAT,EMRO,01/06/2022,6890950,2632575.0,239.182,91.375,2632575.0,91.375,"AstraZeneca - Vaxzevria,Beijing CNBG - BBIBP-CorV,Bharat - Covaxin,CanSino - Convidecia,Gamaleya - Gam-Covid-Vac,Gamaleya - Sputnik-Light,Janssen - Ad26.COV 2-S,Moderna - Spikevax,Pfizer BioNTech - Comirnaty,Sinovac - CoronaVac",10.0
167,Republic of Korea,KOR,WPRO,05/06/2022,126333492,44971813.0,246.412,87.717,44505965.0,86.808,"AstraZeneca - Vaxzevria,Janssen - Ad26.COV 2-S,Moderna - Spikevax,Novavax-NUVAXOVID,Pfizer BioNTech - Comirnaty",5.0
168,Republic of Moldova,MDA,EURO,29/05/2022,2191590,1093903.0,54.3,27.117,1063602.0,26.366,"AstraZeneca - Vaxzevria,Beijing CNBG - BBIBP-CorV,Gamaleya - Gam-Covid-Vac,Janssen - Ad26.COV 2-S,Moderna - Spikevax,Pfizer BioNTech - Comirnaty,Sinovac - CoronaVac",7.0
169,Romania,ROU,EURO,29/05/2022,16025055,8173453.0,82.9,42.286,8120581.0,42.013,"AstraZeneca - Vaxzevria,Janssen - Ad26.COV 2-S,Moderna - Spikevax,Pfizer BioNTech - Comirnaty",4.0
170,Russian Federation,RUS,EURO,04/06/2022,166830060,81031567.0,114.3,55.526,73682537.0,50.49,"SRCVB - EpiVacCorona, Gamaleya - Sputnik V",2.0
171,Rwanda,RWA,AFRO,05/06/2022,22214312,9061143.0,171.51,69.958,8527099.0,65.835,"Beijing CNBG - BBIBP-CorV,Gamaleya - Gam-Covid-Vac,Janssen - Ad26.COV 2-S,Moderna - Spikevax,Pfizer BioNTech - Comirnaty,SII - Covishield,Sinovac - CoronaVac",7.0
172,Saba,XCA,AMRO,03/06/2022,4270,1594.0,220.9,82.462,1577.0,81.583,"Moderna, Pfizer/BioNTech",2.0
173,Saint Helena,SHN,AFRO,05/05/2021,7892,4361.0,129.995,71.833,3531.0,58.162,AstraZeneca - AZD1222,1.0
174,Saint Kitts and Nevis,KNA,AMRO,03/06/2022,58697,28540.0,110.349,53.655,26750.0,50.29,"AstraZeneca - Vaxzevria,Pfizer BioNTech - Comirnaty,SII - Covishield",3.0
175,Saint Lucia,LCA,AMRO,03/06/2022,120873,59353.0,65.825,32.323,54032.0,29.425,"AstraZeneca - Vaxzevria,Janssen - Ad26.COV 2-S,Moderna - Spikevax,Pfizer BioNTech - Comirnaty,SII - Covishield",5.0
176,Saint Vincent and the Grenadines,VCT,AMRO,03/06/2022,71018,36580.0,64.015,32.973,30661.0,27.637,"AstraZeneca - Vaxzevria,Gamaleya - Gam-Covid-Vac,Gamaleya - Sputnik-Light,Pfizer BioNTech - Comirnaty,SII - Covishield",5.0
177,Samoa,WSM,WPRO,05/06/2022,438313,190053.0,220.908,95.786,173378.0,87.382,"AstraZeneca - Vaxzevria,Pfizer BioNTech - Comirnaty",2.0
178,San Marino,SMR,EURO,22/05/2022,69338,26357.0,204.3,76.501,23633.0,68.595,"Gamaleya - Gam-Covid-Vac,Pfizer BioNTech - Comirnaty",2.0
179,Sao Tome and Principe,STP,AFRO,05/06/2022,214560,123088.0,97.902,56.164,91836.0,41.904,"AstraZeneca - Vaxzevria,SII - Covishield",2.0
180,Saudi Arabia,SAU,EMRO,01/06/2022,65837671,26599329.0,189.113,76.404,24960145.0,71.696,"AstraZeneca - Vaxzevria,Beijing CNBG - BBIBP-CorV,Bharat - Covaxin,CanSino - Convidecia,Gamaleya - Gam-Covid-Vac,Gamaleya - Sputnik-Light,Janssen - Ad26.COV 2-S,Moderna - Spikevax,Pfizer BioNTech - Comirnaty,Sinovac - CoronaVac",10.0
181,Senegal,SEN,AFRO,05/06/2022,2523856,1883218.0,15.073,11.247,1051041.0,6.277,"Beijing CNBG - BBIBP-CorV,Janssen - Ad26.COV 2-S,SII - Covishield",3.0
182,Serbia,SRB,EURO,27/03/2022,6696502,3386883.0,96.7,48.896,3309619.0,47.781,"AstraZeneca - Vaxzevria,Beijing CNBG - BBIBP-CorV,Gamaleya - Gam-Covid-Vac,Moderna - Spikevax,Pfizer BioNTech - Comirnaty",5.0
183,Seychelles,SYC,AFRO,05/06/2022,221597,84886.0,225.322,86.313,80700.0,82.056,"Beijing CNBG - BBIBP-CorV,Gamaleya - Gam-Covid-Vac,Julphar - Hayat-Vax,SII - Covishield",4.0
184,Sierra Leone,SLE,AFRO,05/06/2022,2930408,2383636.0,36.736,29.881,1659093.0,20.799,"Beijing CNBG - BBIBP-CorV,SII - Covishield",2.0
185,Singapore,SGP,WPRO,05/06/2022,14088862,5015471.0,240.821,85.73,4987927.0,85.259,"AstraZeneca - Vaxzevria,Beijing CNBG - BBIBP-CorV,Moderna - Spikevax,Pfizer BioNTech - Comirnaty",4.0
186,Sint Eustatius,XBA,AMRO,03/06/2022,4325,1791.0,137.783,57.056,1686.0,53.711,"Moderna, Pfizer/BioNTech",2.0
187,Sint Maarten,SXM,AMRO,03/06/2022,64539,29164.0,150.504,68.01,26237.0,61.184,"AstraZeneca - Vaxzevria,Moderna - Spikevax,Pfizer BioNTech - Comirnaty",3.0
188,Slovakia,SVK,EURO,29/05/2022,7075947,2821839.0,129.6,51.702,2771739.0,50.784,"AstraZeneca - Vaxzevria,Gamaleya - Gam-Covid-Vac,Janssen - Ad26.COV 2-S,Moderna - Spikevax,Novavax-NUVAXOVID,Pfizer BioNTech - Comirnaty",6.0
189,Slovenia,SVN,EURO,29/05/2022,2957844,1237811.0,141.1,59.06,1206827.0,57.581,"AstraZeneca - Vaxzevria,Janssen - Ad26.COV 2-S,Moderna - Spikevax,Novavax-NUVAXOVID,Pfizer BioNTech - Comirnaty",5.0
190,Solomon Islands,SLB,WPRO,05/06/2022,451057,275560.0,65.667,40.117,172833.0,25.162,"AstraZeneca - Vaxzevria,Beijing CNBG - BBIBP-CorV,Pfizer BioNTech - Comirnaty,SII - Covishield",4.0
191,Somalia,SOM,EMRO,05/06/2022,3724063,2298052.0,23.432,14.459,1426011.0,8.972,"AstraZeneca - Vaxzevria,Beijing CNBG - BBIBP-CorV,Bharat - Covaxin,CanSino - Convidecia,Gamaleya - Gam-Covid-Vac,Gamaleya - Sputnik-Light,Janssen - Ad26.COV 2-S,Moderna - Spikevax,Pfizer BioNTech - Comirnaty,SII - Covishield,Sinovac - CoronaVac",11.0
192,South Africa,ZAF,AFRO,05/06/2022,36240713,23019199.0,61.105,38.813,20040729.0,33.791,"Janssen - Ad26.COV 2-S,Pfizer BioNTech - Comirnaty",2.0
193,South Sudan,SSD,AFRO,05/06/2022,1059464,1009259.0,9.465,9.016,967199.0,8.641,"Janssen - Ad26.COV 2-S,SII - Covishield",2.0
194,Spain,ESP,EURO,29/05/2022,101671001,41212271.0,214.8,87.07,37367206.0,78.946,"AstraZeneca - Vaxzevria,Janssen - Ad26.COV 2-S,Moderna - Spikevax,Pfizer BioNTech - Comirnaty",4.0
195,Sri Lanka,LKA,SEARO,07/06/2022,39576548,17072957.0,184.823,79.731,14516137.0,67.79,"AstraZeneca - Vaxzevria,Beijing CNBG - BBIBP-CorV,Gamaleya - Gam-Covid-Vac,Moderna - Spikevax,Pfizer BioNTech - Comirnaty,SII - Covishield",6.0
196,Sudan,SDN,EMRO,05/06/2022,9710092,5929766.0,22.144,13.523,3742065.0,8.534,"AstraZeneca - Vaxzevria,Beijing CNBG - BBIBP-CorV,Bharat - Covaxin,CanSino - Convidecia,Gamaleya - Gam-Covid-Vac,Gamaleya - Sputnik-Light,Janssen - Ad26.COV 2-S,Moderna - Spikevax,Pfizer BioNTech - Comirnaty,SII - Covishield,Sinovac - CoronaVac",11.0
197,Suriname,SUR,AMRO,03/06/2022,554588,267820.0,94.538,45.654,237879.0,40.55,"AstraZeneca - Vaxzevria,Beijing CNBG - BBIBP-CorV,Moderna - Spikevax,Pfizer BioNTech - Comirnaty,SII - Covishield",5.0
198,Sweden,SWE,EURO,29/05/2022,21818451,7555967.0,211.3,73.163,7390018.0,71.556,"AstraZeneca - Vaxzevria,Moderna - Spikevax,Novavax-NUVAXOVID,Pfizer BioNTech - Comirnaty,Unknown Vaccine",5.0
199,Switzerland,CHE,EURO,22/05/2022,15535912,6083847.0,179.5,70.693,5705105.0,66.292,"Janssen - Ad26.COV 2-S,Moderna - Spikevax,Pfizer BioNTech - Comirnaty",3.0
200,Syrian Arab Republic,SYR,EMRO,29/05/2022,3870173,2544641.0,22.114,14.54,1633948.0,9.336,"AstraZeneca - Vaxzevria,Beijing CNBG - BBIBP-CorV,Bharat - Covaxin,CanSino - Convidecia,Gamaleya - Gam-Covid-Vac,Gamaleya - Sputnik-Light,Janssen - Ad26.COV 2-S,Moderna - Spikevax,Pfizer BioNTech - Comirnaty,SII - Covishield,Sinovac - CoronaVac",11.0
201,Tajikistan,TJK,EURO,08/05/2022,12504152,5189877.0,131.1,54.415,4976770.0,52.18,"AstraZeneca - Vaxzevria,Gamaleya - Gam-Covid-Vac,Moderna - Spikevax,Pfizer BioNTech - Comirnaty,SII - Covishield,Sinovac - CoronaVac",6.0
202,Thailand,THA,SEARO,06/06/2022,137385704,56554618.0,196.828,81.024,52577760.0,75.326,"AstraZeneca - Vaxzevria,Beijing CNBG - BBIBP-CorV,Janssen - Ad26.COV 2-S,Moderna - Spikevax,Pfizer BioNTech - Comirnaty,SII - Covishield,SII - Covovax,Sinovac - CoronaVac",8.0
203,The United Kingdom,GBR,EURO,31/05/2022,143183637,53472488.0,210.9,78.567,49986833.0,73.445,"AstraZeneca - Vaxzevria,Moderna - Spikevax,Pfizer BioNTech - Comirnaty",3.0
204,Timor-Leste,TLS,SEARO,07/06/2022,1599092,812337.0,121.286,61.613,682953.0,51.8,"AstraZeneca - Vaxzevria,Pfizer BioNTech - Comirnaty,SII - Covishield,Sinovac - CoronaVac",4.0
205,Togo,TGO,AFRO,05/06/2022,3290821,2092750.0,39.75,25.279,1557538.0,18.814,SII - Covishield,1.0
206,Tokelau,TKL,WPRO,05/06/2022,3538,1339.0,262.074,99.185,1337.0,99.037,Pfizer BioNTech - Comirnaty,1.0
207,Tonga,TON,WPRO,05/06/2022,261560,104624.0,247.467,98.987,97151.0,91.916,"AstraZeneca - Vaxzevria,Pfizer BioNTech - Comirnaty",2.0
208,Trinidad and Tobago,TTO,AMRO,03/06/2022,1564019,749638.0,111.757,53.565,712605.0,50.919,"AstraZeneca - Vaxzevria,Beijing CNBG - BBIBP-CorV,Janssen - Ad26.COV 2-S,Pfizer BioNTech - Comirnaty,SII - Covishield",5.0
209,Tunisia,TUN,EMRO,05/06/2022,14856958,7229872.0,125.708,61.174,6372301.0,53.917,"AstraZeneca - Vaxzevria,Beijing CNBG - BBIBP-CorV,Bharat - Covaxin,CanSino - Convidecia,Gamaleya - Gam-Covid-Vac,Gamaleya - Sputnik-Light,Janssen - Ad26.COV 2-S,Moderna - Spikevax,Pfizer BioNTech - Comirnaty,Sinovac - CoronaVac",10.0
210,Turkey,TUR,EURO,31/05/2022,147720907,57841876.0,175.2,69.559,53064752.0,63.814,"Pfizer BioNTech - Comirnaty, Sinovac - CoronaVac, Turkovac",3.0
211,Turkmenistan,TKM,EURO,06/03/2022,7140000,2970000.0,118.4,49.244,2920000.0,48.415,"Anhui ZL - Zifivax,AstraZeneca - Vaxzevria,Beijing CNBG - BBIBP-CorV,Gamaleya - Gam-Covid-Vac,RIBSP - QazVac,SRCVB - EpiVacCorona,Unknown Vaccine",7.0
212,Turks and Caicos Islands,TCA,AMRO,03/06/2022,69465,31807.0,179.413,82.15,29807.0,76.985,Pfizer BioNTech - Comirnaty,1.0
213,Tuvalu,TUV,WPRO,05/06/2022,12528,6368.0,106.242,54.003,6160.0,52.239,AstraZeneca - Vaxzevria,1.0
214,Uganda,UGA,AFRO,05/06/2022,21268120,15896844.0,46.497,34.754,10790397.0,23.59,"Janssen - Ad26.COV 2-S,Moderna - Spikevax,Pfizer BioNTech - Comirnaty,SII - Covishield,Sinovac - CoronaVac",5.0
215,Ukraine,UKR,EURO,27/02/2022,31668577,15774300.0,72.4,36.069,15153577.0,34.65,"AstraZeneca - Vaxzevria,Janssen - Ad26.COV 2-S,Moderna - Spikevax,Pfizer BioNTech - Comirnaty,SII - Covishield,Sinovac - CoronaVac",6.0
216,United Arab Emirates,ARE,EMRO,31/05/2022,24909327,9991089.0,251.854,101.018,9792266.0,99.008,"AstraZeneca - Vaxzevria,Beijing CNBG - BBIBP-CorV,Bharat - Covaxin,CanSino - Convidecia,Gamaleya - Gam-Covid-Vac,Gamaleya - Sputnik-Light,Janssen - Ad26.COV 2-S,Moderna - Spikevax,Pfizer BioNTech - Comirnaty,SII - Covishield,Sinovac - CoronaVac",11.0
217,United Republic of Tanzania,TZA,AFRO,05/06/2022,7967468,6483895.0,13.338,10.855,3915900.0,6.556,"Beijing CNBG - BBIBP-CorV,Janssen - Ad26.COV 2-S,Pfizer BioNTech - Comirnaty",3.0
218,United States of America,USA,AMRO,03/06/2022,579958258,261785425.0,175.213,79.089,218761222.0,66.09,"Janssen - Ad26.COV 2-S,Moderna - Spikevax,Pfizer BioNTech - Comirnaty",3.0
219,Uruguay,URY,AMRO,03/06/2022,8438481,2992929.0,242.923,86.159,2877976.0,82.85,"AstraZeneca - Vaxzevria,Pfizer BioNTech - Comirnaty,Sinovac - CoronaVac",3.0
220,Uzbekistan,UZB,EURO,29/05/2022,52392744,19463364.0,156.5,58.153,15232341.0,45.512,"Anhui ZL - Zifivax,Gamaleya - Gam-Covid-Vac,Gamaleya - Sputnik-Light,Moderna - Spikevax,Pfizer BioNTech - Comirnaty,SII - Covishield,Sinovac - CoronaVac",7.0
221,Vanuatu,VUT,WPRO,05/06/2022,242178,132941.0,78.848,43.283,118158.0,38.47,"AstraZeneca - Vaxzevria,Beijing CNBG - BBIBP-CorV,Janssen - Ad26.COV 2-S",3.0
222,Venezuela (Bolivarian Republic of),VEN,AMRO,03/06/2022,37860994,22157232.0,133.145,77.92,14287370.0,50.244,"Beijing CNBG - BBIBP-CorV,CIGB - CIGB-66,Finlay - Soberana-02,Gamaleya - Gam-Covid-Vac,Gamaleya - Sputnik-Light,Sinovac - CoronaVac",6.0
223,Viet Nam,VNM,WPRO,05/06/2022,221658034,84545834.0,227.719,86.857,77824176.0,79.952,"AstraZeneca - Vaxzevria,Beijing CNBG - BBIBP-CorV,CIGB - CIGB-66,Gamaleya - Gam-Covid-Vac,Moderna - Spikevax,Pfizer BioNTech - Comirnaty",6.0
224,Wallis and Futuna,WLF,WPRO,05/06/2022,16426,6592.0,146.061,58.616,6633.0,58.981,Moderna - Spikevax,1.0
225,Yemen,YEM,EMRO,25/05/2022,838621,672794.0,2.812,2.256,429721.0,1.441,"AstraZeneca - Vaxzevria,Beijing CNBG - BBIBP-CorV,Bharat - Covaxin,CanSino - Convidecia,Gamaleya - Gam-Covid-Vac,Gamaleya - Sputnik-Light,Janssen - Ad26.COV 2-S,Moderna - Spikevax,Pfizer BioNTech - Comirnaty,SII - Covishield,Sinovac - CoronaVac",11.0
226,Zambia,ZMB,AFRO,05/06/2022,3750417,4656681.0,20.4,25.33,2935333.0,15.967,"Beijing CNBG - BBIBP-CorV,Janssen - Ad26.COV 2-S,SII - Covishield",3.0
227,Zimbabwe,ZWE,AFRO,05/06/2022,10796053,6236512.0,72.637,41.96,4559541.0,30.677,"Beijing CNBG - BBIBP-CorV,Bharat - Covaxin,Gamaleya - Gam-Covid-Vac,Sinovac - CoronaVac",4.0
153,occupied Palestinian territory,PSE,EMRO,22/05/2022,3723499,2003622.0,72.99,39.276,1769425.0,34.685,"AstraZeneca - Vaxzevria,Beijing CNBG - BBIBP-CorV,Bharat - Covaxin,CanSino - Convidecia,Gamaleya - Gam-Covid-Vac,Gamaleya - Sputnik-Light,Janssen - Ad26.COV 2-S,Moderna - Spikevax,Pfizer BioNTech - Comirnaty,Sinovac - CoronaVac",10.0
